{"name": "Study Time Stats", "mod": 1708793959, "min_point_version": 231001, "max_point_version": 231201, "branch_index": 1, "disabled": false, "config": {"Use_Toolbar_Options": true, "Browser_Enabled": true, "Overview_Enabled": true, "Congrats_Enabled": true, "Include_Deleted_Reviews": true, "Use_Rollover_Hour": true, "Use_Decimal_Format": true, "Excluded_Deck_IDs": [1], "cellsData": [{"title": "Total", "output": "%range_hrs", "titleColor": "#FFFFFF", "outputColor": "#76bfb4", "direction": "vertical", "range": -1, "useCalendar": true, "weekStart": 0, "days": 7, "hrsUnit": "hrs", "minUnit": "min", "html": "<div class=\"{{CellClass}}\">\n    <div style=\"color: {{TitleColor}};\">{{Title}}</div>\n    <div style=\"color: {{OutputColor}}; font-weight: bold;\">{{Output}}</div>\n</div>\n"}, {"title": "Past %range", "output": "%range_hrs", "titleColor": "#FFFFFF", "outputColor": "#76bfb4", "direction": "vertical", "range": 0, "useCalendar": true, "weekStart": 1, "days": 7, "hrsUnit": "hrs", "minUnit": "min", "html": "<div class=\"{{CellClass}}\">\n    <div style=\"color: {{TitleColor}};\">{{Title}}</div>\n    <div style=\"color: {{OutputColor}}; font-weight: bold;\">{{Output}}</div>\n</div>\n"}], "version": "2.1.4", "winSize": [517, 620]}}