{"min_point_version": 56, "name": "AnkiHub", "conflicts": ["1896168623"], "homepage": "https://ankipalace.com/", "max_point_version": 231000, "mod": 1752167085, "branch_index": 0, "disabled": false, "update_enabled": true, "config": {"hotkey": "Alt+U", "report_errors": true, "sync_hotkey": "Ctrl+Shift+H", "auto_sync": "never", "debug_level_logs": false, "use_staging": false, "staging_anking_deck_id": null, "ankihub_ai_chatbot": true, "boards_and_beyond_step_1": true, "boards_and_beyond_step_2": true, "first_aid_forward_step_1": true, "first_aid_forward_step_2": true}}